üöÄ –ü—Ä–æ–¥–∞–∂–∏ –∏ –º–∞—Ä–∫–µ—Ç–∏–Ω–≥,–¢—Ä–µ–Ω–¥ 2: Value is the key to sales success,"–§–æ–∫—É—Å–∏—Ä–æ–≤–∞—Ç—å –æ–±—É—á–µ–Ω–∏–µ –Ω–∞ —Ç–æ–º, —á—Ç–æ–±—ã –º–∞—Å—Å–∞–∂–∏—Å—Ç—ã –ø–æ–∫–∞–∑—ã–≤–∞–ª–∏ –∫–ª–∏–µ–Ω—Ç–∞–º —Ä–µ–∞–ª—å–Ω—É—é —Ü–µ–Ω–Ω–æ—Å—Ç—å —É—Å–ª—É–≥–∏ –¥–ª—è —É—Å–ø–µ—à–Ω—ã—Ö –ø—Ä–æ–¥–∞–∂.",6,8,https://blog.hubspot.com/sales/hubspot-sales-strategy-report
üöÄ –ü—Ä–æ–¥–∞–∂–∏ –∏ –º–∞—Ä–∫–µ—Ç–∏–Ω–≥,–¢—Ä–µ–Ω–¥ 3: AI is a mainstay of the sales rep‚Äôs tool belt,–í–∫–ª—é—á–∞—Ç—å –≤ –ø—Ä–æ–≥—Ä–∞–º–º—É –æ–Ω–ª–∞–π–Ω-—à–∫–æ–ª—ã –Ω–∞–≤—ã–∫–∏ –∏—Å–ø–æ–ª—å–∑–æ–≤–∞–Ω–∏—è AI-–∏–Ω—Å—Ç—Ä—É–º–µ–Ω—Ç–æ–≤ –¥–ª—è –æ–ø—Ç–∏–º–∏–∑–∞—Ü–∏–∏ —Ä–∞–±–æ—á–µ–≥–æ –≤—Ä–µ–º–µ–Ω–∏ –∏ –ø–µ—Ä—Å–æ–Ω–∞–ª–∏–∑–∞—Ü–∏–∏ –æ–±—â–µ–Ω–∏—è —Å –∫–ª–∏–µ–Ω—Ç–∞–º–∏.,5,9,https://blog.hubspot.com/sales/hubspot-sales-strategy-report
üöÄ –ü—Ä–æ–¥–∞–∂–∏ –∏ –º–∞—Ä–∫–µ—Ç–∏–Ω–≥,"–¢—Ä–µ–Ω–¥ 4: AI helps buyers research, but humans still close deals","–û–±—É—á–∞—Ç—å –Ω–∞–≤—ã–∫–∞–º –ø–æ—Å—Ç—Ä–æ–µ–Ω–∏—è –¥–æ–≤–µ—Ä–∏—è –∏ –ø–æ–º–æ—â–∏ –∫–ª–∏–µ–Ω—Ç—É –≤ –ø—Ä–∏–Ω—è—Ç–∏–∏ —É–≤–µ—Ä–µ–Ω–Ω–æ–≥–æ —Ä–µ—à–µ–Ω–∏—è, —É—á–∏—Ç—ã–≤–∞—è, —á—Ç–æ –ø–æ–∫—É–ø–∞—Ç–µ–ª–∏ –≤—Å–µ –ª—É—á—à–µ –∏–Ω—Ñ–æ—Ä–º–∏—Ä–æ–≤–∞–Ω—ã —á–µ—Ä–µ–∑ AI.",7,8,https://blog.hubspot.com/sales/hubspot-sales-strategy-report
üöÄ –ü—Ä–æ–¥–∞–∂–∏ –∏ –º–∞—Ä–∫–µ—Ç–∏–Ω–≥,–¢—Ä–µ–Ω–¥ 5: Social media has permeated the entire sales journey,–ò—Å–ø–æ–ª—å–∑–æ–≤–∞—Ç—å —Å–æ—Ü–∏–∞–ª—å–Ω—ã–µ —Å–µ—Ç–∏ –∫–∞–∫ —ç—Ñ—Ñ–µ–∫—Ç–∏–≤–Ω—ã–π –∫–∞–Ω–∞–ª –¥–ª—è –ø—Ä–∏–≤–ª–µ—á–µ–Ω–∏—è –∏ —É–¥–µ—Ä–∂–∞–Ω–∏—è –∫–ª–∏–µ–Ω—Ç–æ–≤ –º–∞—Å—Å–∞–∂–Ω—ã—Ö —É—Å–ª—É–≥.,7,8,https://blog.hubspot.com/sales/hubspot-sales-strategy-report
üöÄ –ü—Ä–æ–¥–∞–∂–∏ –∏ –º–∞—Ä–∫–µ—Ç–∏–Ω–≥,–¢—Ä–µ–Ω–¥ 1: Sales success is defined by revenue outcomes,–û–±—É—á–∞—Ç—å –≤—ã–±–æ—Ä—É –∏ —Ä–∞–±–æ—Ç–µ —Å —Ü–µ–ª–µ–≤–æ–π –∞—É–¥–∏—Ç–æ—Ä–∏–µ–π (ICP) –¥–ª—è —Å–æ–∫—Ä–∞—â–µ–Ω–∏—è –≤—Ä–µ–º–µ–Ω–∏ –Ω–∞ —Ä–∞–±–æ—Ç—É —Å –Ω–∏–∑–∫–æ–∫–∞—á–µ—Å—Ç–≤–µ–Ω–Ω—ã–º–∏ –ª–∏–¥–∞–º–∏ –∏ –ø–æ–≤—ã—à–µ–Ω–∏—è —Å—Ä–µ–¥–Ω–µ–π —Ü–µ–Ω—ã —Å–¥–µ–ª–∫–∏.,6,8,https://blog.hubspot.com/sales/hubspot-sales-strategy-report
üöÄ –ü—Ä–æ–¥–∞–∂–∏ –∏ –º–∞—Ä–∫–µ—Ç–∏–Ω–≥,ClickFunnels,–ò—Å–ø–æ–ª—å–∑–æ–≤–∞—Ç—å –≤–æ—Ä–æ–Ω–∫–∏ –ø—Ä–æ–¥–∞–∂ –¥–ª—è –ø–µ—Ä–µ–≤–æ–¥–∞ –æ—Ñ–ª–∞–π–Ω-–∫–ª–∏–µ–Ω—Ç–æ–≤ (–ø–æ—Å–µ—Ç–∏—Ç–µ–ª–µ–π) –≤ –æ–Ω–ª–∞–π–Ω-–ø–æ–¥–ø–∏—Å—á–∏–∫–æ–≤ –∏ –ø–æ–∫—É–ø–∞—Ç–µ–ª–µ–π.,7,9,https://www.clickfunnels.com/blog/use-funnels-to-convert-walk-ins-into-online-customers/
üöÄ –ü—Ä–æ–¥–∞–∂–∏ –∏ –º–∞—Ä–∫–µ—Ç–∏–Ω–≥,ClickFunnels,"–°–æ–±–∏—Ä–∞—Ç—å –∫–æ–Ω—Ç–∞–∫—Ç—ã –∫–ª–∏–µ–Ω—Ç–æ–≤ —Å –ø–æ–º–æ—â—å—é —Ñ–æ—Ä–º –ø–æ–¥–ø–∏—Å–∫–∏ –Ω–∞ –±–µ—Å–ø–ª–∞—Ç–Ω—ã–µ –º–∞—Ç–µ—Ä–∏–∞–ª—ã, –∫–æ–Ω–∫—É—Ä—Å–æ–≤ –∏–ª–∏ QR-–∫–æ–¥–æ–≤ –≤ —Ç–æ—á–∫–∞—Ö –æ—Ñ–ª–∞–π–Ω-–≤–∏–∑–∏—Ç–∞.",8,8,https://www.clickfunnels.com/blog/use-funnels-to-convert-walk-ins-into-online-customers/
üöÄ –ü—Ä–æ–¥–∞–∂–∏ –∏ –º–∞—Ä–∫–µ—Ç–∏–Ω–≥,ClickFunnels,"–ê–≤—Ç–æ–º–∞—Ç–∏—á–µ—Å–∫–∏ nurtur–∏—Ä–æ–≤–∞—Ç—å –æ—Ç–Ω–æ—à–µ–Ω–∏—è —á–µ—Ä–µ–∑ —Å–µ—Ä–∏—é –ø–µ—Ä—Å–æ–Ω–∞–ª—å–Ω—ã—Ö email-—Ä–∞—Å—Å—ã–ª–æ–∫ —Å –ø–æ–ª–µ–∑–Ω—ã–º –∫–æ–Ω—Ç–µ–Ω—Ç–æ–º, —á—Ç–æ–±—ã –ø–æ–≤—ã—Å–∏—Ç—å –¥–æ–≤–µ—Ä–∏–µ –∏ —Å—Ç–∏–º—É–ª–∏—Ä–æ–≤–∞—Ç—å –æ–Ω–ª–∞–π–Ω-–ø—Ä–æ–¥–∞–∂–∏.",6,9,https://www.clickfunnels.com/blog/use-funnels-to-convert-walk-ins-into-online-customers/
üöÄ –ü—Ä–æ–¥–∞–∂–∏ –∏ –º–∞—Ä–∫–µ—Ç–∏–Ω–≥,ClickFunnels,"–ò—Å–ø–æ–ª—å–∑–æ–≤–∞—Ç—å –º—è–≥–∫–∏–µ (–Ω–µ–∞–≥—Ä–µ—Å—Å–∏–≤–Ω—ã–µ) –ø—Ä–æ–¥–∞—é—â–∏–µ —Å–æ–æ–±—â–µ–Ω–∏—è –≤ –≤–æ—Ä–æ–Ω–∫–µ, —á—Ç–æ–±—ã –º–æ—Ç–∏–≤–∏—Ä–æ–≤–∞—Ç—å –∫–ª–∏–µ–Ω—Ç–æ–≤ —Å–¥–µ–ª–∞—Ç—å —Å–ª–µ–¥—É—é—â–∏–π —à–∞–≥ (–ø–æ–∫—É–ø–∫–∞, –∑–∞–ø–∏—Å—å –Ω–∞ –∫—É—Ä—Å, –ø–æ–¥–ø–∏—Å–∫–∞).",7,8,https://www.clickfunnels.com/blog/use-funnels-to-convert-walk-ins-into-online-customers/
üöÄ –ü—Ä–æ–¥–∞–∂–∏ –∏ –º–∞—Ä–∫–µ—Ç–∏–Ω–≥,ClickFunnels,"–í–Ω–µ–¥—Ä—è—Ç—å —Å–ø–µ—Ü–∏–∞–ª—å–Ω—ã–µ –æ–Ω–ª–∞–π–Ω-–ø—Ä–µ–¥–ª–æ–∂–µ–Ω–∏—è (—Å–∫–∏–¥–∫–∏, –±–æ–Ω—É—Å—ã, –ø–æ–¥–∞—Ä–∫–∏) –¥–ª—è —Å—Ç–∏–º—É–ª–∏—Ä–æ–≤–∞–Ω–∏—è –ø–æ–≤—Ç–æ—Ä–Ω—ã—Ö –ø–æ–∫—É–ø–æ–∫ –∏ –≤–æ–≤–ª–µ—á–µ–Ω–∏—è –æ—Ñ–ª–∞–π–Ω-–∑–∞–∫–∞–∑—á–∏–∫–æ–≤ –≤ –æ–Ω–ª–∞–π–Ω-—Å—Ä–µ–¥—É.",7,8,https://www.clickfunnels.com/blog/use-funnels-to-convert-walk-ins-into-online-customers/
üöÄ –ü—Ä–æ–¥–∞–∂–∏ –∏ –º–∞—Ä–∫–µ—Ç–∏–Ω–≥,ClickFunnels,"–û—Ç—Å–ª–µ–∂–∏–≤–∞—Ç—å –ø–æ–≤–µ–¥–µ–Ω–∏–µ –ø–æ–ª—å–∑–æ–≤–∞—Ç–µ–ª–µ–π —á–µ—Ä–µ–∑ —Å–∏—Å—Ç–µ–º—É –≤–æ—Ä–æ–Ω–∫–∏ (–æ—Ç–∫—Ä—ã—Ç–∏—è –ø–∏—Å–µ–º, –∫–ª–∏–∫–∏, –ø–æ–∫—É–ø–∫–∏) –¥–ª—è –æ–ø—Ç–∏–º–∏–∑–∞—Ü–∏–∏ –º–∞—Ä–∫–µ—Ç–∏–Ω–≥–æ–≤—ã—Ö —É—Å–∏–ª–∏–π –∏ –ø–æ–≤—ã—à–µ–Ω–∏—è –∫–æ–Ω–≤–µ—Ä—Å–∏–∏.",6,8,https://www.clickfunnels.com/blog/use-funnels-to-convert-walk-ins-into-online-customers/
üìö EdTech,eLearning Industry,"–ò—Å–ø–æ–ª—å–∑–æ–≤–∞—Ç—å freemium-–º–æ–¥–µ–ª—å –¥–ª—è –ø—Ä–∏–≤–ª–µ—á–µ–Ω–∏—è –ø–æ–ª—å–∑–æ–≤–∞—Ç–µ–ª–µ–π, –ø–æ–∑–≤–æ–ª—è—è –ø–æ–ø—Ä–æ–±–æ–≤–∞—Ç—å –±–∞–∑–æ–≤—ã–µ —Ñ—É–Ω–∫—Ü–∏–∏ –±–µ—Å–ø–ª–∞—Ç–Ω–æ –∏ –∑–∞—Ç–µ–º –ø—Ä–µ–¥–ª–∞–≥–∞—Ç—å –ø–ª–∞—Ç–Ω—ã–µ —Ä–∞—Å—à–∏—Ä–µ–Ω–Ω—ã–µ –≤–æ–∑–º–æ–∂–Ω–æ—Å—Ç–∏.",8,8,https://elearningindustry.com/choosing-an-lms-by-pricing-how-much-should-you-pay
üìö EdTech,eLearning Industry,–ü—Ä–µ–¥–ª–∞–≥–∞—Ç—å –±–µ—Å–ø–ª–∞—Ç–Ω—ã–µ –ø—Ä–æ–±–Ω—ã–µ –ø–µ—Ä–∏–æ–¥—ã LMS –¥–æ 30 –¥–Ω–µ–π –¥–ª—è –æ—Ü–µ–Ω–∫–∏ —Å–æ–æ—Ç–≤–µ—Ç—Å—Ç–≤–∏—è –ø–ª–∞—Ç—Ñ–æ—Ä–º—ã –ø–æ—Ç—Ä–µ–±–Ω–æ—Å—Ç—è–º –ø–æ–ª—å–∑–æ–≤–∞—Ç–µ–ª—è.,9,7,https://elearningindustry.com/choosing-an-lms-by-pricing-how-much-should-you-pay
üìö EdTech,eLearning Industry,–†–∞–∑—Ä–∞–±–∞—Ç—ã–≤–∞—Ç—å –∏ –ø—Ä–µ–¥–ª–∞–≥–∞—Ç—å LMS —Å –ø–æ–¥–ø–∏—Å–æ—á–Ω–æ–π –æ–ø–ª–∞—Ç–æ–π (SaaS) —Å –≥–∏–±–∫–æ–π —Ç–∞—Ä–∏—Ñ–Ω–æ–π —Å–µ—Ç–∫–æ–π –ø–æ —á–∏—Å–ª—É –ø–æ–ª—å–∑–æ–≤–∞—Ç–µ–ª–µ–π –∏ —Ñ—É–Ω–∫—Ü–∏–æ–Ω–∞–ª—É.,7,9,https://elearningindustry.com/choosing-an-lms-by-pricing-how-much-should-you-pay
üìö EdTech,eLearning Industry,"–°–æ–∑–¥–∞–≤–∞—Ç—å –±–µ—Å–ø–ª–∞—Ç–Ω—É—é LMS —Å –æ—Ç–∫—Ä—ã—Ç—ã–º –∏—Å—Ö–æ–¥–Ω—ã–º –∫–æ–¥–æ–º –¥–ª—è –ø–æ–ª—å–∑–æ–≤–∞—Ç–µ–ª–µ–π, –≥–æ—Ç–æ–≤—ã—Ö –∫ —Ç–µ—Ö–Ω–∏—á–µ—Å–∫–æ–π —Å–∞–º–æ—Å—Ç–æ—è—Ç–µ–ª—å–Ω–æ—Å—Ç–∏ –∏ –∫–∞—Å—Ç–æ–º–∏–∑–∞—Ü–∏–∏.",5,5,https://elearningindustry.com/choosing-an-lms-by-pricing-how-much-should-you-pay
üìö EdTech,eLearning Industry,"–ü—Ä–µ–¥–ª–∞–≥–∞—Ç—å –≤–∞—Ä–∏–∞–Ω—Ç LMS —Å –µ–¥–∏–Ω–æ–≤—Ä–µ–º–µ–Ω–Ω–æ–π –ø–æ–∫—É–ø–∫–æ–π –ª–∏—Ü–µ–Ω–∑–∏–∏ –¥–ª—è –æ—Ä–≥–∞–Ω–∏–∑–∞—Ü–∏–π, –ø—Ä–µ–¥–ø–æ—á–∏—Ç–∞—é—â–∏—Ö –æ–¥–∏–Ω –±–æ–ª—å—à–æ–π –ø–ª–∞—Ç–µ–∂ –∏ –∫–æ–Ω—Ç—Ä–æ–ª—å –Ω–∞–¥ —Å–∏—Å—Ç–µ–º–æ–π.",6,6,https://elearningindustry.com/choosing-an-lms-by-pricing-how-much-should-you-pay
üìö EdTech,eLearning Industry,–ò—Å–ø–æ–ª—å–∑–æ–≤–∞–Ω–∏–µ –∞–≤—Ç–æ–º–∞—Ç–∏—á–µ—Å–∫–æ–≥–æ –∫–æ–Ω—Ç—Ä–æ–ª—è —Ä–∞–±–æ—Ç —Å –ø–æ–º–æ—â—å—é –ø–ª–∞–≥–∏–∞—Ç-—á–µ–∫–µ—Ä–∞ –¥–ª—è —ç–∫–æ–Ω–æ–º–∏–∏ –≤—Ä–µ–º–µ–Ω–∏ –ø–µ–¥–∞–≥–æ–≥–æ–≤ –∏ –ø–æ–≤—ã—à–µ–Ω–∏—è –∫–∞—á–µ—Å—Ç–≤–∞ –ø—Ä–æ–≤–µ—Ä–∫–∏.,8,7,https://elearningindustry.com/what-a-plagiarism-checker-can-reveal-about-student-writing
üìö EdTech,eLearning Industry,–û–±—É—á–µ–Ω–∏–µ —Å—Ç—É–¥–µ–Ω—Ç–æ–≤ –ø—Ä–∞–≤–∏–ª—å–Ω–æ–º—É –∏—Å–ø–æ–ª—å–∑–æ–≤–∞–Ω–∏—é —Ü–∏—Ç–∏—Ä–æ–≤–∞–Ω–∏—è –∏ –ø–µ—Ä–µ—Ñ—Ä–∞–∑–∏—Ä–æ–≤–∞–Ω–∏—è —Å –ø–æ–º–æ—â—å—é –∏–Ω—Ç–µ–≥—Ä–∞—Ü–∏–∏ —Ä–µ–∑—É–ª—å—Ç–∞—Ç–æ–≤ –ø—Ä–æ–≤–µ—Ä–∫–∏ –Ω–∞ –ø–ª–∞–≥–∏–∞—Ç –≤ –æ–±—Ä–∞–∑–æ–≤–∞—Ç–µ–ª—å–Ω—ã–π –ø—Ä–æ—Ü–µ—Å—Å.,5,8,https://elearningindustry.com/what-a-plagiarism-checker-can-reveal-about-student-writing
üìö EdTech,eLearning Industry,"–†–∞–∑—Ä–∞–±–æ—Ç–∫–∞ –æ–Ω–ª–∞–π–Ω-–∫—É—Ä—Å–∞ –ø–æ –∞–∫–∞–¥–µ–º–∏—á–µ—Å–∫–æ–π —á–µ—Å—Ç–Ω–æ—Å—Ç–∏, –≤–∫–ª—é—á–∞—é—â–µ–≥–æ –ø–æ–Ω–∏–º–∞–Ω–∏–µ —ç—Ç–∏–∫–∏ –Ω–∞–ø–∏—Å–∞–Ω–∏—è, –±–æ—Ä—å–±—ã —Å –Ω–µ–ø—Ä–µ–¥–Ω–∞–º–µ—Ä–µ–Ω–Ω—ã–º –ø–ª–∞–≥–∏–∞—Ç–æ–º –∏ –æ—Ç–≤–µ—Ç—Å—Ç–≤–µ–Ω–Ω–æ–º—É –∏—Å–ø–æ–ª—å–∑–æ–≤–∞–Ω–∏—é AI-–∏–Ω—Å—Ç—Ä—É–º–µ–Ω—Ç–æ–≤.",6,9,https://elearningindustry.com/what-a-plagiarism-checker-can-reveal-about-student-writing
üìö EdTech,eLearning Industry,"–°–æ–∑–¥–∞–Ω–∏–µ –∏–Ω—Å—Ç—Ä—É–º–µ–Ω—Ç–∞ –¥–ª—è –æ—Ü–µ–Ω–∫–∏ –∫–∞—á–µ—Å—Ç–≤–∞ –∑–∞–∏–º—Å—Ç–≤–æ–≤–∞–Ω–∏—è, –∫–æ—Ç–æ—Ä—ã–π –≤—ã—è–≤–ª—è–µ—Ç –Ω–µ —Ç–æ–ª—å–∫–æ –ø—Ä—è–º–æ–µ –∫–æ–ø–∏—Ä–æ–≤–∞–Ω–∏–µ, –Ω–æ –∏ –ø–ª–æ—Ö–æ–µ –ø–µ—Ä–µ—Ñ—Ä–∞–∑–∏—Ä–æ–≤–∞–Ω–∏–µ, –ø–æ–≤—Ç–æ—Ä–Ω–æ–µ –∏—Å–ø–æ–ª—å–∑–æ–≤–∞–Ω–∏–µ –æ–¥–Ω–æ–≥–æ –∏—Å—Ç–æ—á–Ω–∏–∫–∞ –∏ –Ω–µ—Å–æ–æ—Ç–≤–µ—Ç—Å—Ç–≤–∏–µ —Å—Ç–∏–ª—è.",4,7,https://elearningindustry.com/what-a-plagiarism-checker-can-reveal-about-student-writing
üìö EdTech,eLearning Industry,–ò–Ω—Ç–µ–≥—Ä–∞—Ü–∏—è –ø—Ä–æ–≤–µ—Ä–∫–∏ –Ω–∞ –ø–ª–∞–≥–∏–∞—Ç –Ω–µ–ø–æ—Å—Ä–µ–¥—Å—Ç–≤–µ–Ω–Ω–æ –≤ LMS –∏–ª–∏ Google Docs –¥–ª—è —É–ø—Ä–æ—â–µ–Ω–∏—è —Ä–∞–±–æ—Ç—ã –ø–µ–¥–∞–≥–æ–≥–æ–≤ –∏ –ø–æ–≤—ã—à–µ–Ω–∏—è —Å–∫–æ—Ä–æ—Å—Ç–∏ –æ–±—Ä–∞—Ç–Ω–æ–π —Å–≤—è–∑–∏ —Å—Ç—É–¥–µ–Ω—Ç–∞–º.,7,8,https://elearningindustry.com/what-a-plagiarism-checker-can-reveal-about-student-writing
üìö EdTech,eLearning Industry,"–ö—É—Ä—Å –ø–æ —Ä–∞–∑–≤–∏—Ç–∏—é –∫—Ä–∏—Ç–∏—á–µ—Å–∫–æ–≥–æ –º—ã—à–ª–µ–Ω–∏—è –∏ —Å–∞–º–æ–≤—ã—Ä–∞–∂–µ–Ω–∏—è, —á—Ç–æ–±—ã —Å—Ç–∏–º—É–ª–∏—Ä–æ–≤–∞—Ç—å —Å—Ç—É–¥–µ–Ω—Ç–æ–≤ –ø–∏—Å–∞—Ç—å —Å–∞–º–æ—Å—Ç–æ—è—Ç–µ–ª—å–Ω–æ –∏ –Ω–µ –ø—Ä–∏–±–µ–≥–∞—Ç—å –∫ –ø–ª–∞–≥–∏–∞—Ç—É.",6,8,https://elearningindustry.com/what-a-plagiarism-checker-can-reveal-about-student-writing
üìö EdTech,eLearning Industry,–û–±—É—á–µ–Ω–∏–µ —Å—Ç—É–¥–µ–Ω—Ç–æ–≤ —ç—Ç–∏—á–Ω–æ–º—É –ø—Ä–∏–º–µ–Ω–µ–Ω–∏—é AI-–∏–Ω—Å—Ç—Ä—É–º–µ–Ω—Ç–æ–≤ –¥–ª—è —Å–æ–∑–¥–∞–Ω–∏—è —É–Ω–∏–∫–∞–ª—å–Ω–æ–≥–æ –∫–æ–Ω—Ç–µ–Ω—Ç–∞ –±–µ–∑ –Ω–∞—Ä—É—à–µ–Ω–∏—è –∞–∫–∞–¥–µ–º–∏—á–µ—Å–∫–æ–π —á–µ—Å—Ç–Ω–æ—Å—Ç–∏.,5,8,https://elearningindustry.com/what-a-plagiarism-checker-can-reveal-about-student-writing
üíÜ‚Äç‚ôÇÔ∏è –ú–∞—Å—Å–∞–∂,Discover Massage Australia,–ü—Ä–µ–¥–ª–æ–∂–µ–Ω–∏–µ –∫–æ–º–ø–ª–µ–∫—Å–Ω—ã—Ö –∫—É—Ä—Å–æ–≤ –º–∞—Å—Å–∞–∂–∞ —Å –ø–æ—Å—Ç–µ–ø–µ–Ω–Ω—ã–º —É—Ä–æ–≤–Ω–µ–º —Å–ª–æ–∂–Ω–æ—Å—Ç–∏ ‚Äî –æ—Ç –±–∞–∑–æ–≤–æ–≥–æ –æ–Ω–ª–∞–π–Ω –∫—É—Ä—Å–∞ –ø–æ –º–∞—Å—Å–∞–∂—É –≤—Å–µ–≥–æ —Ç–µ–ª–∞ –¥–æ —Å–ø–µ—Ü–∏–∞–ª–∏–∑–∏—Ä–æ–≤–∞–Ω–Ω–æ–≥–æ –æ–±—É—á–µ–Ω–∏—è –≥–ª—É–±–æ–∫–æ–º—É –º–∞—Å—Å–∞–∂—É —Ç–∫–∞–Ω–µ–π –¥–ª—è –∫–æ–Ω–∫—Ä–µ—Ç–Ω—ã—Ö —Ç—Ä–∞–≤–º.,7,9,https://www.discovermassage.com.au/blog/adelaides-leading-massage-education-course-pathways-at-discover-massage-australia/
üíÜ‚Äç‚ôÇÔ∏è –ú–∞—Å—Å–∞–∂,Discover Massage Australia,"–ü—Ä–µ–¥–æ—Å—Ç–∞–≤–ª–µ–Ω–∏–µ –ø—Ä–∞–∫—Ç–∏—á–µ—Å–∫–æ–π –ø–æ–¥–≥–æ—Ç–æ–≤–∫–∏ —Å –∞–∫—Ü–µ–Ω—Ç–æ–º –Ω–∞ –ø–æ–ª—É—á–µ–Ω–∏–µ –ø—Ä–æ—Ñ–µ—Å—Å–∏–æ–Ω–∞–ª—å–Ω–æ–≥–æ —Å—Ç—Ä–∞—Ö–æ–≤–∞–Ω–∏—è –æ—Ç–≤–µ—Ç—Å—Ç–≤–µ–Ω–Ω–æ—Å—Ç–∏ –∏ —á–ª–µ–Ω—Å—Ç–≤–∞ –≤ –æ—Ç—Ä–∞—Å–ª–µ–≤—ã—Ö –æ—Ä–≥–∞–Ω–∏–∑–∞—Ü–∏—è—Ö, —á—Ç–æ–±—ã –≤—ã–ø—É—Å–∫–Ω–∏–∫–∏ –º–æ–≥–ª–∏ —Å—Ä–∞–∑—É –Ω–∞—á–∞—Ç—å —Ä–∞–±–æ—Ç–∞—Ç—å –∏ –∑–∞—Ä–∞–±–∞—Ç—ã–≤–∞—Ç—å.",6,8,https://www.discovermassage.com.au/blog/adelaides-leading-massage-education-course-pathways-at-discover-massage-australia/
üíÜ‚Äç‚ôÇÔ∏è –ú–∞—Å—Å–∞–∂,Discover Massage Australia,"–ò–Ω—Ç–µ–≥—Ä–∞—Ü–∏—è –≤ –æ–±—É—á–∞—é—â–∏–π –ø—Ä–æ—Ü–µ—Å—Å —Ç–µ–æ—Ä–µ—Ç–∏—á–µ—Å–∫–∏—Ö –∑–Ω–∞–Ω–∏–π –≤ –æ–±–ª–∞—Å—Ç–∏ –∞–Ω–∞—Ç–æ–º–∏–∏ –∏ —Ñ–∏–∑–∏–æ–ª–æ–≥–∏–∏, –∞ —Ç–∞–∫–∂–µ —Ä–∞–∑–≤–µ–Ω—á–∞–Ω–∏–µ –º–∏—Ñ–æ–≤ –æ –º–∞—Å—Å–∞–∂–µ, —á—Ç–æ–±—ã –ø–æ–≤—ã—Å–∏—Ç—å –ø—Ä–æ—Ñ–µ—Å—Å–∏–æ–Ω–∞–ª–∏–∑–º –∏ –¥–æ–≤–µ—Ä–∏–µ –∫–ª–∏–µ–Ω—Ç–æ–≤ –∫ –≤—ã–ø—É—Å–∫–Ω–∏–∫–∞–º —à–∫–æ–ª—ã.",5,7,https://www.discovermassage.com.au/blog/adelaides-leading-massage-education-course-pathways-at-discover-massage-australia/
üíÜ‚Äç‚ôÇÔ∏è –ú–∞—Å—Å–∞–∂,Discover Massage Australia,"–í–Ω–µ–¥—Ä–µ–Ω–∏–µ —Å–æ–±—Å—Ç–≤–µ–Ω–Ω—ã—Ö –º–µ—Ç–æ–¥–∏–∫ (–Ω–∞–ø—Ä–∏–º–µ—Ä, —Å–∏—Å—Ç–µ–º CTR‚Ñ¢ –∏ CLR‚Ñ¢) –¥–ª—è –ª–µ—á–µ–Ω–∏—è –º—ã—à–µ—á–Ω—ã—Ö –∏ —Å—É—Å—Ç–∞–≤–Ω—ã—Ö –ø–æ–≤—Ä–µ–∂–¥–µ–Ω–∏–π, —á—Ç–æ –≤—ã–¥–µ–ª–∏—Ç —à–∫–æ–ª—É –∏ –ø–æ–≤—ã—Å–∏—Ç –∫–æ–Ω–∫—É—Ä–µ–Ω—Ç–æ—Å–ø–æ—Å–æ–±–Ω–æ—Å—Ç—å –∫—É—Ä—Å–æ–≤.",4,8,https://www.discovermassage.com.au/blog/adelaides-leading-massage-education-course-pathways-at-discover-massage-australia/
üíÜ‚Äç‚ôÇÔ∏è –ú–∞—Å—Å–∞–∂,Discover Massage Australia,"–§–æ—Ä–º–∞—Ç –∫–æ—Ä–æ—Ç–∫–∏—Ö –∏–Ω—Ç–µ–Ω—Å–∏–≤–Ω—ã—Ö –∫—É—Ä—Å–æ–≤ (–Ω–∞–ø—Ä–∏–º–µ—Ä, –¥–≤—É—Ö–¥–Ω–µ–≤–Ω—ã–π —Å–µ—Ä—Ç–∏—Ñ–∏–∫–∞—Ü–∏–æ–Ω–Ω—ã–π –∫—É—Ä—Å –ø–æ –º–∞—Å—Å–∞–∂—É –≤—Å–µ–≥–æ —Ç–µ–ª–∞) –¥–ª—è –±—ã—Å—Ç—Ä–æ–≥–æ –æ–±—É—á–µ–Ω–∏—è –∏ —Å–∫–æ—Ä–µ–π—à–µ–≥–æ –Ω–∞—á–∞–ª–∞ –ø—Ä–æ—Ñ–µ—Å—Å–∏–æ–Ω–∞–ª—å–Ω–æ–π –¥–µ—è—Ç–µ–ª—å–Ω–æ—Å—Ç–∏.",8,7,https://www.discovermassage.com.au/blog/adelaides-leading-massage-education-course-pathways-at-discover-massage-australia/
üíÜ‚Äç‚ôÇÔ∏è –ú–∞—Å—Å–∞–∂,–°—Ç–∞—Ç—å—è ¬´Weekend Massage Course: Flexible Learning for Busy Schedules¬ª,"–ü—Ä–µ–¥–ª–æ–∂–µ–Ω–∏–µ –∫—É—Ä—Å–∞ –º–∞—Å—Å–∞–∂–∞ –ø–æ –≤—ã—Ö–æ–¥–Ω—ã–º, —Å–æ—á–µ—Ç–∞—é—â–µ–≥–æ –≥–∏–±–∫–æ–µ –æ–±—É—á–µ–Ω–∏–µ —Å –ø—Ä–∞–∫—Ç–∏—á–µ—Å–∫–∏–º–∏ –Ω–∞–≤—ã–∫–∞–º–∏ –¥–ª—è –ª—é–¥–µ–π —Å –∑–∞–Ω—è—Ç—ã–º –≥—Ä–∞—Ñ–∏–∫–æ–º.",8,9,https://www.discovermassage.com.au/blog/weekend-massage-course/
üíÜ‚Äç‚ôÇÔ∏è –ú–∞—Å—Å–∞–∂,–°—Ç–∞—Ç—å—è ¬´Weekend Massage Course: Flexible Learning for Busy Schedules¬ª,"–û—Ä–≥–∞–Ω–∏–∑–∞—Ü–∏—è –ø—Ä–æ–≥—Ä–∞–º–º—ã —Å —Å–æ–∫—Ä–∞—â–µ–Ω–Ω—ã–º, –Ω–æ –∫–æ–º–ø–ª–µ–∫—Å–Ω—ã–º —É—á–µ–±–Ω—ã–º –ø–ª–∞–Ω–æ–º, –æ—Ö–≤–∞—Ç—ã–≤–∞—é—â–∏–º –±–∞–∑–æ–≤—ã–µ —Ç–µ—Ö–Ω–∏–∫–∏ –º–∞—Å—Å–∞–∂–∞ –∏ —Ç–µ–æ—Ä–µ—Ç–∏—á–µ—Å–∫–∏–µ –∑–Ω–∞–Ω–∏—è –∑–∞ —É–∏–∫–µ–Ω–¥.",6,8,https://www.discovermassage.com.au/blog/weekend-massage-course/
üíÜ‚Äç‚ôÇÔ∏è –ú–∞—Å—Å–∞–∂,–°—Ç–∞—Ç—å—è ¬´Weekend Massage Course: Flexible Learning for Busy Schedules¬ª,"–ê–∫—Ü–µ–Ω—Ç –Ω–∞ –∞–∫–∫—Ä–µ–¥–∏—Ç–∞—Ü–∏—é –∫—É—Ä—Å–∞ –æ—Ç –ø—Ä–æ—Ñ–µ—Å—Å–∏–æ–Ω–∞–ª—å–Ω—ã—Ö –æ—Ä–≥–∞–Ω–∏–∑–∞—Ü–∏–π (IICT, MAA) –¥–ª—è –ø–æ–≤—ã—à–µ–Ω–∏—è –¥–æ–≤–µ—Ä–∏—è –∫ –æ–±—É—á–µ–Ω–∏—é –∏ –≤–æ–∑–º–æ–∂–Ω–æ—Å—Ç–∏ –ø–æ–ª—É—á–µ–Ω–∏—è —Å—Ç—Ä–∞—Ö–æ–≤–∞–Ω–∏—è –ø—Ä–æ—Ñ–µ—Å—Å–∏–æ–Ω–∞–ª—å–Ω–æ–π –æ—Ç–≤–µ—Ç—Å—Ç–≤–µ–Ω–Ω–æ—Å—Ç–∏.",4,8,https://www.discovermassage.com.au/blog/weekend-massage-course/
üíÜ‚Äç‚ôÇÔ∏è –ú–∞—Å—Å–∞–∂,–°—Ç–∞—Ç—å—è ¬´Weekend Massage Course: Flexible Learning for Busy Schedules¬ª,"–û–±—É—á–µ–Ω–∏–µ –Ω–µ—Å–∫–æ–ª—å–∫–∏–º —Ç–µ—Ö–Ω–∏–∫–∞–º –º–∞—Å—Å–∞–∂–∞ (—à–≤–µ–¥—Å–∫–∏–π, –≥–ª—É–±–æ–∫–æ—Ç–∫–∞–Ω–Ω—ã–π –∏ –¥—Ä.) –¥–ª—è —É–¥–æ–≤–ª–µ—Ç–≤–æ—Ä–µ–Ω–∏—è —Ä–∞–∑–ª–∏—á–Ω—ã—Ö –ø–æ—Ç—Ä–µ–±–Ω–æ—Å—Ç–µ–π –∫–ª–∏–µ–Ω—Ç–æ–≤.",7,7,https://www.discovermassage.com.au/blog/weekend-massage-course/
üíÜ‚Äç‚ôÇÔ∏è –ú–∞—Å—Å–∞–∂,–°—Ç–∞—Ç—å—è ¬´Weekend Massage Course: Flexible Learning for Busy Schedules¬ª,–í–Ω–µ–¥—Ä–µ–Ω–∏–µ –Ω–∞–≤—ã–∫–æ–≤ –æ—Ü–µ–Ω–∫–∏ –∫–ª–∏–µ–Ω—Ç–∞ –¥–æ –º–∞—Å—Å–∞–∂–∞ –¥–ª—è –ø–µ—Ä—Å–æ–Ω–∞–ª–∏–∑–∞—Ü–∏–∏ –ø—Ä–æ—Ü–µ–¥—É—Ä –∏ –ø–æ–≤—ã—à–µ–Ω–∏—è –∫–∞—á–µ—Å—Ç–≤–∞ —É—Å–ª—É–≥.,6,7,https://www.discovermassage.com.au/blog/weekend-massage-course/
üíÜ‚Äç‚ôÇÔ∏è –ú–∞—Å—Å–∞–∂,–°—Ç–∞—Ç—å—è ¬´Weekend Massage Course: Flexible Learning for Busy Schedules¬ª,"–ü—Ä–µ–¥–ª–æ–∂–µ–Ω–∏–µ –æ–±—É—á–µ–Ω–∏—è –≤ —Ñ–æ—Ä–º–∞—Ç–µ, –∫–æ—Ç–æ—Ä—ã–π –ø–æ–∑–≤–æ–ª—è–µ—Ç —Å–æ–≤–º–µ—â–∞—Ç—å –∫–∞—Ä—å–µ—Ä—É –∏–ª–∏ —Å–µ–º–µ–π–Ω—ã–µ –æ–±—è–∑–∞–Ω–Ω–æ—Å—Ç–∏ —Å –ø–æ–¥–≥–æ—Ç–æ–≤–∫–æ–π –∫ –ø—Ä–æ—Ñ–µ—Å—Å–∏–∏ –º–∞—Å—Å–∞–∂–∏—Å—Ç–∞.",8,9,https://www.discovermassage.com.au/blog/weekend-massage-course/
